<?xml version="1.0" encoding="UTF-8"?>
<!--
	file                 : olethros.xml
	created              : Wed Jan 8 18:31:16 CET 2003
	copyright            : (C) 2004 Christos Dimitrakakis
	email                : dimitrak@idiap.ch
	version              : $Id: olethros.xml,v 1.6.2.2 2010/01/24 18:25:56 berniw Exp $
	-->

<!--    This program is free software; you can redistribute it and/or modify  -->
<!--    it under the terms of the GNU General Public License as published by  -->
<!--    the Free Software Foundation; either version 2 of the License, or     -->
<!--    (at your option) any later version.                                   -->

<!DOCTYPE params SYSTEM "../../libs/tgf/params.dtd">

<params name="Olethros" type="robotdef">
	<section name="Robots">
		<section name="index">
			
			<section name="0">
				<attstr name="name" val="Olethros 1"></attstr>
				<attstr name="desc" val=""></attstr>
				<attstr name="team" val="olethros"></attstr>
				<attstr name="author" val="Christos Dimitrakakis"></attstr>
				<attstr name="car name" val="pw-corollawrc"></attstr>
				<attnum name="race number" val="71"></attnum>
				<attnum name="red" val="1.0"></attnum>
				<attnum name="green" val="0.0"></attnum>
				<attnum name="blue" val="1.0"></attnum>
			</section>
			
			<section name="1">
				<attstr name="name" val="Olethros 2"></attstr>
				<attstr name="desc" val=""></attstr>
				<attstr name="team" val="olethros"></attstr>
				<attstr name="author" val="Christos Dimitrakakis"></attstr>
				<attstr name="car name" val="car1-ow1"></attstr>
				<attnum name="race number" val="72"></attnum>
				<attnum name="red" val="1.0"></attnum>
				<attnum name="green" val="0.0"></attnum>
				<attnum name="blue" val="1.0"></attnum>
			</section>
			
			<section name="2">
				<attstr name="name" val="Olethros 3"></attstr>
				<attstr name="desc" val=""></attstr>
				<attstr name="team" val="olethros"></attstr>
				<attstr name="author" val="Christos Dimitrakakis"></attstr>
				<attstr name="car name" val="car1-trb1"></attstr>
				<attnum name="race number" val="73"></attnum>
				<attnum name="red" val="1.0"></attnum>
				<attnum name="green" val="0.0"></attnum>
				<attnum name="blue" val="1.0"></attnum>
			</section>
			
			<section name="3">
				<attstr name="name" val="Olethros 4"></attstr>
				<attstr name="desc" val=""></attstr>
				<attstr name="team" val="olethros"></attstr>
				<attstr name="author" val="Christos Dimitrakakis"></attstr>
				<attstr name="car name" val="car2-trb1"></attstr>
				<attnum name="race number" val="74"></attnum>
				<attnum name="red" val="1.0"></attnum>
				<attnum name="green" val="0.0"></attnum>
				<attnum name="blue" val="1.0"></attnum>
			</section>
			
			<section name="4">
				<attstr name="name" val="Olethros 5"></attstr>
				<attstr name="desc" val=""></attstr>
				<attstr name="team" val="olethros"></attstr>
				<attstr name="author" val="Christos Dimitrakakis"></attstr>
				<attstr name="car name" val="car3-trb1"></attstr>
				<attnum name="race number" val="75"></attnum>
				<attnum name="red" val="1.0"></attnum>
				<attnum name="green" val="0.0"></attnum>
				<attnum name="blue" val="1.0"></attnum>
			</section>
			
			<section name="5">
				<attstr name="name" val="Olethros 6"></attstr>
				<attstr name="desc" val=""></attstr>
				<attstr name="team" val="olethros"></attstr>
				<attstr name="author" val="Christos Dimitrakakis"></attstr>
				<attstr name="car name" val="car4-trb1"></attstr>
				<attnum name="race number" val="76"></attnum>
				<attnum name="red" val="1.0"></attnum>
				<attnum name="green" val="0.0"></attnum>
				<attnum name="blue" val="1.0"></attnum>
			</section>
			
			<section name="6">
				<attstr name="name" val="Olethros 7"></attstr>
				<attstr name="desc" val=""></attstr>
				<attstr name="team" val="olethros"></attstr>
				<attstr name="author" val="Christos Dimitrakakis"></attstr>
				<attstr name="car name" val="car5-trb1"></attstr>
				<attnum name="race number" val="77"></attnum>
				<attnum name="red" val="1.0"></attnum>
				<attnum name="green" val="0.0"></attnum>
				<attnum name="blue" val="1.0"></attnum>
			</section>
			
			<section name="7">
				<attstr name="name" val="Olethros 8"></attstr>
				<attstr name="desc" val=""></attstr>
				<attstr name="team" val="olethros"></attstr>
				<attstr name="author" val="Christos Dimitrakakis"></attstr>
				<attstr name="car name" val="car6-trb1"></attstr>
				<attnum name="race number" val="78"></attnum>
				<attnum name="red" val="1.0"></attnum>
				<attnum name="green" val="0.0"></attnum>
				<attnum name="blue" val="1.0"></attnum>
			</section>
			
			<section name="8">
				<attstr name="name" val="Olethros 9"></attstr>
				<attstr name="desc" val=""></attstr>
				<attstr name="team" val="olethros"></attstr>
				<attstr name="author" val="Christos Dimitrakakis"></attstr>
				<attstr name="car name" val="car7-trb1"></attstr>
				<attnum name="race number" val="79"></attnum>
				<attnum name="red" val="1.0"></attnum>
				<attnum name="green" val="0.0"></attnum>
				<attnum name="blue" val="1.0"></attnum>
			</section>
			
			<section name="9">
				<attstr name="name" val="Olethros 10"></attstr>
				<attstr name="desc" val=""></attstr>
				<attstr name="team" val="olethros"></attstr>
				<attstr name="author" val="Christos Dimitrakakis"></attstr>
				<attstr name="car name" val="car1-trb3"></attstr>
				<attnum name="race number" val="80"></attnum>
				<attnum name="red" val="1.0"></attnum>
				<attnum name="green" val="0.0"></attnum>
				<attnum name="blue" val="1.0"></attnum>
			</section>
			
		</section>
	</section>
</params>
