Run,Count,Cheat,Terminal,Size,Depth,Speed,Angle,Reward,Gain,From Start,To Middle,Distracted,Time,Duration,Optimal,Combined,Agent,Driver
1,1,0,0,64,1,17.4172325120,0.0094388368,0.9862591603,0.9862591603,168.9221343994,0.0153152467,0,13.6680000000,16.1659999046,0.0042819128,0.0,0.0,0.0
1,2,0,0,10,1,17.4080696064,0.0154408224,1.9638791365,0.9776199762,170.6979522705,0.0153369903,0,13.7700000000,16.1659999046,0.0180268496,0.1000000000,0.1000000000,0.0
1,3,0,0,10,1,17.3693828608,0.0055274088,2.9558094036,0.9919302671,172.4717407226,0.0135602317,0,13.8720000000,16.1659999046,0.0294897952,0.2500000000,0.2500000000,0.0
1,4,0,0,10,1,17.2881622272,0.0191845696,3.9280790425,0.9722696388,174.2407379150,0.0065415701,0,13.9740000000,16.1659999046,0.0105565728,1.0,1.0,0.0
1,5,0,0,10,1,17.2453575168,0.0752869376,4.8235898823,0.8955108397,175.9966430664,0.0306316372,0,14.0760000000,16.1659999046,0.0366398272,-1.0,-1.0,0.0
1,6,0,0,19,1,17.0533256544,0.0425613600,5.7631067821,0.9395168997,177.7477111816,0.0560438148,0,14.1780000000,16.1659999046,0.1437874560,-1.0,-1.0,0.1000000000
1,7,0,0,10,1,17.0081024168,0.0763293824,6.6572502517,0.8941434696,179.4778747558,0.0100050605,0,14.2800000000,16.1659999046,0.0812862080,0.4000000000,0.5000000000,0.1000000000
1,8,0,0,10,1,16.8485393408,0.0531756800,7.5822621329,0.9250118812,181.2049102783,0.0309054683,0,14.3820000000,16.1659999046,0.1457783680,1.0,1.0,0.1000000000
1,9,0,0,10,1,16.8309707776,0.0506824896,8.5106608397,0.9283987068,182.9174041748,0.0051115672,0,14.4840000000,16.1659999046,0.1015580672,0.8999999488,-1.0,0.1000000000
1,10,0,0,10,1,16.6504268800,0.0152431200,9.4885641764,0.9779033366,184.6271057128,0.0123160043,0,14.5860000000,16.1659999046,0.0967964224,-1.0,-1.0,0.1000000000
1,11,0,0,10,1,16.6207599616,0.1072763200,10.3430517923,0.8544876159,186.3162536621,0.0410452522,0,14.6880000000,16.1659999046,0.0291122144,0.2500000000,0.2500000000,0.0
1,12,0,0,19,1,16.4774837248,0.0893739968,11.2202601225,0.8772083302,188.0039978027,0.0882547348,0,14.7900000000,16.1659999046,0.2048826752,1.0,1.0,0.2500000000
1,13,0,0,18,1,16.4746284544,0.0205651104,12.1905641712,0.9703040486,189.6815643310,0.0651448592,0,14.8920000000,16.1659999046,0.1706917632,0.8999999488,-1.0,0.1000000000
1,14,0,0,19,1,16.3190364928,0.0013764873,13.1885484524,0.9979842811,191.3567657470,0.0416829437,0,14.9940000000,16.1659999046,0.0392764704,-1.0,-1.0,0.0
1,15,0,0,10,1,16.3116130816,0.0946840768,14.0589551891,0.8704067367,193.0164642333,0.0759521499,0,15.0960000000,16.1659999046,0.0026288970,0.2500000000,0.2500000000,0.0
1,16,0,0,19,1,16.1753215744,0.0489399200,14.9897284087,0.9307732195,194.6768035888,0.0912516266,0,15.1980000000,16.1659999046,0.1808332672,1.0,1.0,0.2500000000
1,17,0,0,10,1,16.1932144128,0.0785660672,15.8809450506,0.8912166419,196.3210601806,0.0313313789,0,15.3000000000,16.1659999046,0.0934683584,0.8999999488,-1.0,0.1000000000
1,18,0,0,19,1,16.0404167168,0.0767156032,16.7745824349,0.8936373843,197.9635162353,0.0282226558,0,15.4020000000,16.1659999046,0.1500501376,-1.0,-1.0,0.1000000000
1,19,0,0,10,1,16.0424671168,0.0058511356,17.7660421016,0.9914596667,199.5941162109,0.0274576824,0,15.5040000000,16.1659999046,0.1465160064,0.4000000000,0.5000000000,0.1000000000
1,20,0,0,19,1,16.1893062528,0.0043725408,18.7596530177,0.9936109160,201.2367553710,0.0179117843,0,15.6060000000,16.1659999046,0.0111748456,0.0,0.0,0.0
1,21,0,0,10,1,16.3409881600,0.0043871780,19.7532426148,0.9935895970,202.8952636718,0.0125162759,0,15.7080000000,16.1659999046,0.0083509376,0.0,0.0,0.0
1,22,0,0,10,1,16.4728336384,0.0132356984,20.7340277895,0.9807851746,204.5681304931,0.0016276041,0,15.8100000000,16.1659999046,0.0083788920,0.1000000000,0.1000000000,0.0
1,23,0,0,10,1,16.6002921984,0.0055733284,21.7258912893,0.9918634998,206.2544097900,0.0018636067,0,15.9120000000,16.1659999046,0.0252783200,0.1000000000,0.1000000000,0.0
1,24,0,0,10,1,16.6711845376,0.0006769498,22.7248994603,0.9990081709,207.9511566162,0.0015462239,0,16.0140000000,16.1659999046,0.0106442728,0.2500000000,0.2500000000,0.0
1,25,0,0,10,1,16.7474117120,0.0037798068,23.7193740722,0.9944746118,209.6559600830,0.0033528646,0,16.1160000000,16.1659999046,0.0012928789,0.2500000000,0.2500000000,0.0
1,26,0,0,10,1,16.7324657664,0.0250891056,24.6832647471,0.9638906748,211.3656158447,0.0154215497,0,16.2180000000,16.1659999046,0.0072188984,-1.0,-1.0,0.0
1,27,0,0,10,1,16.7075385856,0.0537868416,25.6074482896,0.9241835425,213.0654449462,0.0143880210,1,16.3200000000,17.4979999713,0.0479166624,0.2500000000,0.2500000000,0.0
1,28,0,0,19,1,16.6671028224,0.0008618990,26.6061856545,0.9987373648,214.7673797607,0.0205159503,1,16.4220000000,17.4979999713,0.1027253056,0.5000000000,0.5000000000,0.0
1,29,0,0,10,1,16.7064495104,0.0769142720,27.4995628273,0.8933771728,216.4679565429,0.0281494148,1,16.5240000000,17.4979999713,0.0016461058,-1.0,-1.0,0.0
1,30,0,0,10,1,16.4407482368,0.0120261816,28.4820884731,0.9825256458,218.1572113037,0.0376383475,1,16.6260000000,17.4979999713,0.1468954368,-1.0,-1.0,0.0
1,31,0,0,10,1,16.4212589312,0.1071888448,29.3366856739,0.8545972007,219.8242797851,0.0212809238,1,16.7280000000,17.4979999713,0.0229683152,0.2500000000,0.2500000000,0.0
1,32,0,0,10,1,16.2975463936,0.0700380288,30.2391133510,0.9024276770,221.4939117431,0.0645182281,1,16.8300000000,17.4979999713,0.2047156096,1.0,1.0,0.0
1,33,0,0,10,1,16.3203678208,0.0491161152,31.1696461999,0.9305328488,223.1535491943,0.0311523433,1,16.9320000000,17.4979999713,0.1337627776,-1.0,-1.0,0.0
1,34,0,0,10,1,16.1622905728,0.0395726816,32.1132881676,0.9436419676,224.8114624023,0.0048665362,1,17.0340000000,17.4979999713,0.0938048640,-1.0,-1.0,0.0
1,35,0,0,10,1,16.1585502592,0.0507301024,33.0416220767,0.9283339091,226.4544219970,0.0166585277,1,17.1360000000,17.4979999713,0.0755782592,0.2500000000,0.2500000000,0.0
1,36,0,0,19,1,16.1429843840,0.0029467344,34.0373118592,0.9956897825,228.1018218994,0.0183715820,1,17.2380000000,17.4979999713,0.0968873600,0.5000000000,0.5000000000,0.0
1,37,0,0,10,1,16.2019863168,0.0844421184,34.9208849435,0.8835730842,229.7494049072,0.0337727852,1,17.3400000000,17.4979999713,0.0056278484,-1.0,-1.0,0.0
1,38,0,0,19,1,15.9544162304,0.0277761920,35.8809863972,0.9601014537,231.3874664306,0.0489868149,1,17.4420000000,17.4979999713,0.1612725504,-1.0,-1.0,0.0
1,39,0,0,19,1,15.9568452608,0.0860371840,36.7624959655,0.8815095682,233.0065002441,0.0016276041,1,17.5440000000,17.4979999713,0.0530486176,0.5000000000,0.5000000000,0.0
1,40,0,0,19,1,15.8500318720,0.0462076000,37.6970046226,0.9345086571,234.6295471191,0.0357014983,0,17.6460000000,20.4640000762,0.1643188992,1.0,1.0,0.1000000000
1,41,0,0,10,1,15.8883200000,0.0760123648,38.5915636993,0.8945590766,236.2423706054,0.0063151041,0,17.7480000000,20.4640000762,0.0882500096,0.8999999488,-1.0,0.1000000000
1,42,0,0,10,1,15.7477741056,0.0706607104,39.4931680414,0.9016043421,237.8551330566,0.0490112304,0,17.8500000000,20.4640000762,0.1451729280,-1.0,-1.0,0.1000000000
1,43,0,0,10,1,15.7618493952,0.0140683264,40.4727568743,0.9795888329,239.4555664062,0.0340779609,0,17.9520000000,20.4640000762,0.1349520128,0.4000000000,0.5000000000,0.1000000000
1,44,0,0,10,1,15.9110803456,0.0128260608,41.4541311637,0.9813742893,241.0693206787,0.0276977531,0,18.0540000000,20.4640000762,0.0268685216,0.1000000000,0.1000000000,0.0
1,45,0,0,10,1,15.8803520512,0.0050988876,42.4466847145,0.9925535507,242.6929168701,0.0254557300,0,18.1560000000,20.4640000762,0.0244959712,-1.0,-1.0,0.0
1,46,0,0,10,1,15.8796949504,0.0894784192,43.3237587800,0.8770740654,244.3043975830,0.0289225261,0,18.2580000000,20.4640000762,0.0097381576,0.2500000000,0.2500000000,0.0
1,47,0,0,10,1,15.7664365568,0.0478579616,44.2560093856,0.9322506056,245.9199829101,0.0586954765,0,18.3600000000,20.4640000762,0.1708911744,1.0,1.0,0.1000000000
1,48,0,0,10,1,15.8033838080,0.0765781504,45.1498268493,0.8938174636,247.5238189697,0.0099161779,0,18.4620000000,20.4640000762,0.0914019712,0.8999999488,-1.0,0.1000000000
1,49,0,0,10,1,15.6655349760,0.0740286528,46.0469909609,0.8971641116,249.1277313232,0.0394816063,0,18.5640000000,20.4640000762,0.1462534784,-1.0,-1.0,0.1000000000
1,50,0,0,10,1,15.6843423744,0.0069861608,47.0368024074,0.9898114465,250.7206268310,0.0310872402,0,18.6660000000,20.4640000762,0.1413843200,0.4000000000,0.5000000000,0.1000000000
1,51,0,0,19,1,15.8459615744,0.0022780736,48.0334686142,0.9966662067,252.3271484375,0.0197835285,0,18.7680000000,20.4640000762,0.0133425832,0.0,0.0,0.0
1,52,0,0,10,1,16.0111694336,0.0113225104,49.0170082492,0.9835396350,253.9509429931,0.0168823245,0,18.8700000000,20.4640000762,0.0043508000,0.0,0.0,0.0
1,53,0,0,10,1,16.1557388288,0.0002998192,50.0165688493,0.9995606001,255.5903930664,0.0117228189,0,18.9720000000,20.4640000762,0.0216244016,0.1000000000,0.1000000000,0.0
1,54,0,0,10,1,16.3118934528,0.0034587504,51.0115115982,0.9949427489,257.2456054687,0.0065063475,0,19.0740000000,20.4640000762,0.0005726126,0.0,0.0,0.0
1,55,0,0,10,1,16.4474201088,0.0083817648,51.9993001833,0.9877885851,258.9155883789,0.0005696614,0,19.1760000000,20.4640000762,0.0066057264,0.1000000000,0.1000000000,0.0
1,56,0,0,10,1,16.5954150912,0.0062452116,52.9901872836,0.9908871002,260.6007690429,0.0080037433,0,19.2780000000,20.4640000762,0.0160079904,0.0,0.0,0.0
1,57,0,0,10,1,16.7396526592,0.0123460368,53.9722523638,0.9820650802,262.3005981445,0.0020711263,0,19.3800000000,20.4640000762,0.0119274752,0.0,0.0,0.0
1,58,0,0,10,1,16.8648185856,0.0069804152,54.9620721469,0.9898197830,264.0137634277,0.0030802409,0,19.4820000000,20.4640000762,0.0235791936,0.1000000000,0.1000000000,0.0
1,59,0,0,10,1,16.9940224000,0.0077434024,55.9507854939,0.9887133470,265.7400512695,0.0003580729,0,19.5840000000,20.4640000762,0.0133316104,0.1000000000,0.1000000000,0.0
1,60,0,0,10,1,17.0622634880,0.0138513248,56.9306859806,0.9799004866,267.4762268066,0.0083821611,0,19.6859999999,20.4640000762,0.0147888096,0.2500000000,0.2500000000,0.0
1,61,0,0,10,1,17.2010517120,0.0071048656,57.9203252101,0.9896392294,269.2238464355,0.0161702465,0,19.7879999999,20.4640000762,0.0264540800,0.0,0.0,0.0
1,62,0,0,10,1,17.2660064768,0.0085201176,58.9079134829,0.9875882728,270.9820251464,0.0174825023,0,19.8899999999,20.4640000762,0.0135692928,0.2500000000,0.2500000000,0.0
1,63,0,0,10,1,17.3609371136,0.0003540916,59.9073945649,0.9994810819,272.7484436035,0.0179545078,0,19.9919999999,20.4640000762,0.0162722256,0.0,0.0,0.0
1,64,0,0,10,1,17.3611126016,0.0035122476,60.9022592931,0.9948647282,274.5191040039,0.0139994304,0,20.0939999999,20.4640000762,0.0006762652,0.2500000000,0.2500000000,0.0
1,65,0,0,10,1,17.4190998016,0.0016653934,61.8998210183,0.9975617251,276.2928161621,0.0132853193,0,20.1959999999,20.4640000762,0.0067078984,0.0,0.0,0.0
1,66,0,0,10,1,17.3951988224,0.0064733904,62.8903767415,0.9905557232,278.0674438476,0.0115804038,0,20.2979999999,20.4640000762,0.0031806668,0.2500000000,0.2500000000,0.0
1,67,0,0,10,1,17.4341316096,0.0069551712,63.8802331531,0.9898564116,279.8427124023,0.0161560066,0,20.3999999999,20.4640000762,0.0123632640,0.0,0.0,0.0
1,68,0,0,10,1,17.4385604608,0.0018927892,64.8774624135,0.9972292603,281.6204833984,0.0142130535,0,20.5019999999,20.4640000762,0.0132833984,0.1000000000,0.1000000000,0.0
1,69,0,0,10,1,17.4413127680,0.0132653312,65.8582049858,0.9807425722,283.3983459472,0.0186564121,1,20.6039999999,23.6219998855,0.0036149612,0.1000000000,0.1000000000,0.0
1,70,0,0,10,1,17.4582081024,0.0036749596,66.8528324518,0.9946274660,285.1769409179,0.0160034187,1,20.7059999999,23.6219998855,0.0253349152,0.0,0.0,0.0
1,71,0,0,10,1,17.4216823552,0.0098722136,67.8384652654,0.9856328135,286.9545898437,0.0147176105,1,20.8079999999,23.6219998855,0.0070186560,0.2500000000,0.2500000000,0.0
1,72,0,0,10,1,17.4420013568,0.0007165512,68.8374154451,0.9989501796,288.7310791015,0.0171427410,1,20.9099999999,23.6219998855,0.0188545392,0.1000000000,0.1000000000,0.0
1,73,0,0,10,1,17.3393936128,0.0058952648,69.8288109779,0.9913955328,290.5056457519,0.0062215169,1,21.0119999999,23.6219998855,0.0013685119,-1.0,-1.0,0.0
1,74,0,0,10,1,17.2915859200,0.0734832000,70.7266927227,0.8978817447,292.2656860351,0.0404500328,1,21.1139999999,23.6219998855,0.0112591264,0.2500000000,0.2500000000,0.0
1,75,0,0,19,1,17.1619434368,0.0089406728,71.7136723559,0.9869796331,294.0248107910,0.0460693351,1,21.2159999999,23.6219998855,0.1403425664,1.0,1.0,0.0
1,76,0,0,10,1,17.1698799104,0.1452388352,72.5219081615,0.8082358055,295.7625732421,0.0363525375,1,21.3179999999,23.6219998855,0.0170754272,-1.0,-1.0,0.0
1,77,0,0,19,1,17.0148849488,0.1698816128,73.3014689919,0.7795608304,297.4934692382,0.1319091767,1,21.4199999999,23.6219998855,0.2773857536,-1.0,-1.0,0.0
1,78,0,0,19,1,16.7432899584,0.0889797952,74.1791843576,0.8777153656,299.2051391601,0.1668457090,1,21.5219999999,23.6219998855,0.3244499456,-1.0,-1.0,0.0
1,79,0,0,10,1,16.7217674240,0.0223152640,75.1470022844,0.9678179268,300.8984069824,0.1313476562,1,21.6239999999,23.6219998855,0.1699388928,0.2500000000,0.2500000000,0.0
1,80,0,0,10,1,16.8626117632,0.0113960168,76.1304359477,0.9834336632,302.6036682128,0.0876627638,1,21.7259999999,23.6219998855,0.0426190112,0.1000000000,0.1000000000,0.0
1,81,0,0,10,1,17.0166072848,0.0031233542,77.1258679777,0.9954320300,304.3265991210,0.0574096664,1,21.8279999999,23.6219998855,0.0217647888,0.0,0.0,0.0
1,82,0,0,10,1,17.1677856384,0.0097315480,78.1117040482,0.9858360705,306.0669860839,0.0422444678,1,21.9299999999,23.6219998855,0.0059651668,0.0,0.0,0.0
1,83,0,0,10,1,17.3122615808,0.0145341872,79.0906241568,0.9789201085,307.8234558105,0.0359863266,1,22.0319999999,23.6219998855,0.0185858864,0.0,0.0,0.0
1,84,0,0,10,1,17.3902549760,0.0069137024,80.0805407423,0.9899165855,309.5909118652,0.0228678379,1,22.1339999999,23.6219998855,0.0277582496,0.1000000000,0.1000000000,0.0
1,85,0,0,10,1,17.4358558720,0.0059947652,81.0717916866,0.9912509442,311.3645324707,0.0138997398,1,22.2359999999,23.6219998855,0.0132041976,0.1000000000,0.1000000000,0.0
1,86,0,0,10,1,17.4242820864,0.0058512924,82.0632511247,0.9914594381,313.1400146484,0.0099365236,1,22.3379999999,23.6219998855,0.0114491576,0.2500000000,0.2500000000,0.0
1,87,0,0,10,1,17.3771114240,0.0063845872,83.0539358014,0.9906846767,314.9134216308,0.0034667968,1,22.4399999999,23.6219998855,0.0111751456,1.0,1.0,0.0
1,88,0,0,10,1,17.3570384896,0.1031234240,83.9136410716,0.8597052701,316.6761779785,0.0479736328,1,22.5419999999,23.6219998855,0.0121936632,-1.0,-1.0,0.0
1,89,0,0,19,1,17.2026767744,0.0886253696,84.7918125640,0.8781714924,318.4349365234,0.0951253250,1,22.6439999999,23.6219998855,0.1969512192,-1.0,-1.0,0.0
1,90,0,0,19,1,17.1953239424,0.0081859600,85.7798847087,0.9880721446,320.1797790527,0.0777099579,1,22.7459999999,23.6219998855,0.1692619904,0.5000000000,0.5000000000,0.0
1,91,0,0,10,1,17.3344058880,0.0058543292,86.7713397341,0.9914550253,321.9362792968,0.0566813163,1,22.8479999999,23.6219998855,0.0156340320,0.1000000000,0.1000000000,0.0
1,92,0,0,10,1,17.4127063808,0.0006021969,87.7704573805,0.9991176463,323.7038574218,0.0395751968,1,22.9499999999,23.6219998855,0.0111809448,0.1000000000,0.1000000000,0.0
1,93,0,0,10,1,17.4594116096,0.0120205160,88.7529911856,0.9825338051,325.4787292480,0.0171875003,1,23.0519999999,23.6219998855,0.0011501113,0.0,0.0,0.0
1,94,0,0,10,1,17.4852886016,0.0096357584,89.7389656913,0.9859745056,327.2576599121,0.0028320313,1,23.1539999999,23.6219998855,0.0229574944,0.0,0.0,0.0
1,95,0,0,10,1,17.5116424704,0.0021989662,90.7357474795,0.9967817882,329.0393371582,0.0022135416,1,23.2559999999,23.6219998855,0.0184029440,0.0,0.0,0.0
1,96,0,0,10,1,17.5450611200,0.0093536376,91.7221298220,0.9863823425,330.8239746093,0.0021972656,1,23.3579999999,23.6219998855,0.0041997156,0.0,0.0,0.0
1,97,0,0,10,1,17.5662460416,0.0087568360,92.7093754635,0.9872456414,332.6108703613,0.0007731119,1,23.4599999999,23.6219998855,0.0178641328,0.1000000000,0.1000000000,0.0
1,98,0,0,10,1,17.5877265920,0.0084576920,93.6970541126,0.9876786491,334.3996276855,0.0004720051,1,23.5619999999,23.6219998855,0.0167243232,0.1000000000,0.1000000000,0.0
1,99,0,0,10,1,17.5589218304,0.0001131296,94.6968882929,0.9998341803,336.1877746582,0.0040283203,1,23.6639999999,23.6219998855,0.0161530016,0.2500000000,0.2500000000,0.0
1,100,0,0,10,1,17.5381240832,0.0005827982,95.6960343506,0.9991460576,337.9736328125,0.0022054037,0,23.7659999999,28.5040001525,0.0002160616,0.2500000000,0.2500000000,0.0
1,101,0,0,10,1,17.4751396352,0.0190243728,96.6685323324,0.9724979817,339.7556762695,0.0126953125,0,23.8679999999,28.5040001525,0.0011130627,-1.0,-1.0,0.0
1,102,0,0,10,1,17.4374370816,0.0621049536,97.5815154701,0.9129831377,341.5268249511,0.0206380207,0,23.9699999999,28.5040001525,0.0363338752,0.2500000000,0.2500000000,0.0
1,103,0,0,19,1,17.3017597184,0.0078891600,98.5700175891,0.9885021189,343.2956542968,0.0308268237,0,24.0719999999,28.5040001525,0.1186117248,1.0,1.0,0.1000000000
1,104,0,0,10,1,17.3097801216,0.1351423232,99.3903043918,0.8202868027,345.0458984375,0.0401041656,0,24.1739999999,28.5040001525,0.0150671856,-1.0,-1.0,0.0
1,105,0,0,19,1,17.1961402880,0.1427784320,100.2014604744,0.8111560826,346.7945861816,0.1189127638,0,24.2759999999,28.5040001525,0.2581028352,-1.0,-1.0,0.2500000000
1,106,0,0,10,1,16.9782008832,0.0492963712,101.1317474806,0.9302870061,348.5272521972,0.1334187835,0,24.3779999999,28.5040001525,0.2726866944,-1.0,-1.0,0.2500000000
1,107,0,0,19,1,16.9915752448,0.0750234432,102.0276042779,0.8958567973,350.2431030273,0.0753011032,0,24.4799999999,28.5040001525,0.0941491328,0.4000000000,0.5000000000,0.1000000000
1,108,0,0,10,1,16.8942889984,0.0346698528,102.9780525505,0.9504482726,351.9643859863,0.0264404304,0,24.5819999999,28.5040001525,0.1432842112,1.0,1.0,0.1000000000
1,109,0,0,10,1,16.9381236736,0.1009445120,103.8405081193,0.8624555687,353.6775817871,0.0586507171,0,24.6839999999,28.5040001525,0.0662145408,0.8999999488,-1.0,0.1000000000
1,110,0,0,19,1,16.8227939840,0.0966483072,104.7084122977,0.8679041784,355.3922729492,0.1005696579,0,24.7859999999,28.5040001525,0.1927898112,-1.0,-1.0,0.2500000000
1,111,0,0,10,1,16.8101940224,0.0006417595,105.7074720033,0.9990597056,357.0948791503,0.0844401046,0,24.8879999999,28.5040001525,0.1845846656,0.3500000000,0.1000000000,0.2500000000
1,112,0,0,19,1,16.8491210752,0.0239716448,106.6729428779,0.9654708745,358.8059387207,0.0421915687,0,24.9899999999,28.5040001525,0.0012256703,1.0,1.0,0.0
1,113,0,0,10,1,16.8879147008,0.0649242176,107.5821607419,0.9092178640,360.5183105468,0.0616790764,0,25.0919999999,28.5040001525,0.0457824704,-1.0,-1.0,0.0
1,114,0,0,19,1,16.7217216512,0.0134622032,108.5626203253,0.9804595834,362.2314147949,0.0596928931,0,25.1939999999,28.5040001525,0.1239961216,-1.0,-1.0,0.1000000000
1,115,0,0,19,1,16.7228412416,0.1247096192,109.3955481983,0.8329278729,363.9228210449,0.0179941821,0,25.2959999999,28.5040001525,0.0257109120,0.5000000000,0.5000000000,0.0
1,116,0,0,19,1,16.6046008832,0.1179249408,110.2368012372,0.8412530388,365.6167907714,0.0899644196,0,25.3979999999,28.5040001525,0.2381778176,1.0,1.0,0.2500000000
1,117,0,0,10,1,16.4430561280,0.0000182800,111.2367744414,0.9999732042,367.2979431152,0.0840695723,0,25.4999999999,28.5040001525,0.2252200448,0.7500000256,0.5000000000,0.2500000000
1,118,0,0,19,1,16.5042057216,0.1295424128,112.0638224834,0.8270480420,368.9676818847,0.0015667597,0,25.6019999999,28.5040001525,0.0000349122,-1.0,-1.0,0.0
1,119,0,0,19,1,16.3063373568,0.0846461632,112.9471313236,0.8833088401,370.6367492675,0.0584410354,0,25.7039999999,28.5040001525,0.2474077696,-1.0,-1.0,0.2500000000
1,120,0,0,19,1,16.3286228224,0.0296925216,113.9045395448,0.9574082212,372.2948913574,0.0419066101,0,25.8059999999,28.5040001525,0.1616622720,0.4000000000,0.5000000000,0.1000000000
1,121,0,0,18,1,16.3688640512,0.0026653214,114.9006401495,0.9961006046,373.9605407714,0.0274175014,0,25.9079999999,28.5040001525,0.0567085376,0.3500000000,0.2500000000,0.1000000000
1,122,0,0,19,1,16.4063682560,0.0330797216,115.8533064353,0.9526662857,375.6337585449,0.0417434684,0,26.0099999999,28.5040001525,0.0050903884,-1.0,-1.0,0.0
1,123,0,0,19,1,16.4292430848,0.0441690848,116.7906117679,0.9373053326,377.3031005859,0.0071863811,0,26.1119999999,28.5040001525,0.0631776064,0.4000000000,0.5000000000,0.1000000000
1,124,0,0,10,1,16.4513664000,0.0034404200,117.7855812513,0.9949694833,378.9783935546,0.0018126169,0,26.2139999999,28.5040001525,0.0843567296,0.3500000000,0.2500000000,0.1000000000
1,125,0,0,19,1,16.4808692736,0.0391647520,118.7297876624,0.9442064111,380.6593017578,0.0238961540,0,26.3159999999,28.5040001525,0.0065707176,-1.0,-1.0,0.0
1,126,0,0,19,1,16.4934215680,0.0344858016,119.6804923982,0.9507047357,382.3367919921,0.0016761143,0,26.4179999999,28.5040001525,0.0747991680,0.4000000000,0.5000000000,0.1000000000
1,127,0,0,19,1,16.5817031680,0.0035990952,120.6752304803,0.9947380821,384.0222778320,0.0022777556,0,26.5199999999,28.5040001525,0.0658630272,0.2000000000,0.1000000000,0.1000000000
1,128,0,0,19,1,16.5531215872,0.0048884472,121.6680902603,0.9928597799,385.7154846191,0.0068045300,0,26.6219999999,28.5040001525,0.0068737656,-1.0,-1.0,0.0
1,129,0,0,10,1,16.5307750912,0.1028775552,122.5281054281,0.8600151678,387.3948669433,0.0466414764,0,26.7239999999,28.5040001525,0.0093362464,0.2500000000,0.2500000000,0.0
1,130,0,0,19,1,16.3741035520,0.0816974656,123.4152405644,0.8871351362,389.0733337402,0.0894069671,0,26.8259999999,28.5040001525,0.1964816640,1.0,1.0,0.2500000000
1,131,0,0,19,1,16.3625183232,0.0253036096,124.3788282088,0.9635876444,390.7371520996,0.0611407607,0,26.9279999999,28.5040001525,0.1560306560,0.8999999488,-1.0,0.1000000000
1,132,0,0,19,1,16.3262939392,0.0051188228,125.3713527552,0.9925245463,392.4036560058,0.0407907478,0,27.0299999999,28.5040001525,0.0483263328,0.5000000000,0.5000000000,0.0
1,133,0,0,10,1,16.3652248320,0.0562893760,126.2921522433,0.9207994880,394.0718994140,0.0622807815,0,27.1319999999,28.5040001525,0.0097762312,1.0,1.0,0.0
1,134,0,0,19,1,16.4284420096,0.0021876972,127.2889504974,0.9967982541,395.7410583496,0.0476788841,0,27.2339999999,28.5040001525,0.1075047936,0.0,0.1000000000,0.1000000000
1,135,0,0,19,1,16.5654297088,0.0109840544,128.2729782193,0.9840277218,397.4230651855,0.0268147159,0,27.3359999999,28.5040001525,0.0041781940,0.0,0.0,0.0
1,136,0,0,10,1,16.6827354624,0.0101683056,129.2581833292,0.9852051099,399.1184387207,0.0204865764,0,27.4379999999,28.5040001525,0.0209779984,0.1000000000,0.1000000000,0.0
1,137,0,0,10,1,16.7930469376,0.0001823185,130.2579161095,0.9997327802,400.8255615234,0.0173286441,0,27.5399999999,28.5040001525,0.0194200336,0.1000000000,0.1000000000,0.0
1,138,0,0,10,1,16.8995552256,0.0064880208,131.2484505889,0.9905344793,402.5438537597,0.0122316991,0,27.6419999999,28.5040001525,0.0003482026,0.1000000000,0.1000000000,0.0
1,139,0,0,10,1,17.0028476716,0.0040470360,132.2425357170,0.9940851281,404.2727050781,0.0095291137,0,27.7439999999,28.5040001525,0.0123912072,0.1000000000,0.1000000000,0.0
1,140,0,0,10,1,17.1031875584,0.0027519146,133.2385098901,0.9959741731,406.0119018554,0.0044984179,0,27.8459999999,28.5040001525,0.0077292696,0.1000000000,0.1000000000,0.0
1,141,0,0,10,1,17.2007675136,0.0076244592,134.2273956399,0.9888857497,407.7612915039,0.0018983840,0,27.9479999999,28.5040001525,0.0052557696,0.1000000000,0.1000000000,0.0
1,142,0,0,10,1,17.2880172800,0.0027269682,135.2234062347,0.9960105948,409.5201416015,0.0011636097,0,28.0499999999,28.5040001525,0.0145616448,0.1000000000,0.1000000000,0.0
1,143,0,0,10,1,17.3274669568,0.0059941928,136.2146580106,0.9912517758,411.2857666015,0.0011269886,0,28.1519999999,28.5040001525,0.0052081252,0.1000000000,0.1000000000,0.0
1,144,0,0,10,1,17.3424892416,0.0069085360,137.2045820919,0.9899240813,413.0539245605,0.0011796951,0,28.2539999999,28.5040001525,0.0114480648,0.1000000000,0.1000000000,0.0
1,145,0,0,10,1,17.3520088320,0.0000100135,138.2045674134,0.9999853214,414.8230895996,0.0025329589,0,28.3559999999,28.5040001525,0.0131943312,0.1000000000,0.1000000000,0.0
1,146,0,0,10,1,17.3575878144,0.0124435824,139.1864920784,0.9819246650,416.5930786132,0.0050385794,0,28.4579999999,28.5040001525,0.0000191245,0.1000000000,0.1000000000,0.0
1,147,0,0,10,1,17.3581943552,0.0064525288,140.1770780942,0.9905860157,418.3630676269,0.0111178718,0,28.5599999999,28.5040001525,0.0237654912,0.1000000000,0.1000000000,0.0
1,148,0,0,10,1,17.3761291520,0.0068611224,141.1670709803,0.9899928860,420.1335144042,0.0036391576,1,28.6619999999,33.4400001144,0.0123234216,0.0,0.0,0.0
1,149,0,0,10,1,17.3800239616,0.0112577120,142.1507040425,0.9836330621,421.9061889648,0.0048104603,1,28.7639999999,33.4400001144,0.0131037784,0.0,0.0,0.0
1,150,0,0,10,1,17.3781185024,0.0155091760,143.1282260688,0.9775220263,423.6792297363,0.0133157726,1,28.8659999999,33.4400001144,0.0215006448,0.0,0.0,0.0
1,151,0,0,10,1,17.3701438976,0.0134888960,144.1086472878,0.9804212190,425.4502868652,0.0057904561,1,28.9679999999,33.4400001144,0.0296203424,0.1000000000,0.1000000000,0.0
1,152,0,0,10,1,17.3103542272,0.0034519592,145.1035999410,0.9949526531,427.2185668945,0.0003142039,1,29.0699999999,33.4400001144,0.0257618928,0.2500000000,0.2500000000,0.0
1,153,0,0,10,1,17.2138805376,0.0135843120,146.0838840407,0.9802840996,428.9810791015,0.0122193014,1,29.1719999999,33.4400001144,0.0065927560,-1.0,-1.0,0.0
1,154,0,0,10,1,17.1372146560,0.0848851968,146.9668834361,0.8829993954,430.7262878417,0.0323432907,1,29.2739999999,33.4400001144,0.0259441248,0.2500000000,0.2500000000,0.0
1,155,0,0,19,1,16.9335346176,0.0612963840,147.8809493405,0.9140659044,432.4643859863,0.0675347670,1,29.3759999999,33.4400001144,0.1621187840,1.0,1.0,0.0
1,156,0,0,19,1,16.8660355072,0.0472840384,148.8139845803,0.9330352398,434.1820373535,0.0359048210,1,29.4779999999,33.4400001144,0.1170674688,-1.0,-1.0,0.0
1,157,0,0,19,1,16.6517886976,0.0159546064,149.7908685477,0.9768839674,435.8929443359,0.0127604166,1,29.5799999999,33.4400001144,0.0903058560,-1.0,-1.0,0.0
1,158,0,0,10,1,16.6008110080,0.0831402624,150.6761294122,0.8852608645,437.5829772949,0.0502360016,1,29.6819999999,33.4400001144,0.0304710528,0.2500000000,0.2500000000,0.0
1,159,0,0,19,1,16.3707198976,0.0225425792,151.6436249011,0.9674954888,439.2666320800,0.0601725243,1,29.7839999999,33.4400001144,0.1587861888,1.0,1.0,0.0
1,160,0,0,10,1,16.3236350976,0.1153782400,152.4880243275,0.8443994264,440.9230957031,0.0139078777,1,29.8859999999,33.4400001144,0.0430531552,-1.0,-1.0,0.0
1,161,0,0,19,1,16.0979347200,0.1108263040,153.3380769044,0.8500525769,442.5707702636,0.0825439468,1,29.9879999999,33.4400001144,0.2203561984,-1.0,-1.0,0.0
1,162,0,0,19,1,15.8207864832,0.0133522416,154.3186945385,0.9806176340,444.1939086914,0.0804280564,1,30.0899999999,33.4400001144,0.2116626304,-1.0,-1.0,0.0
1,163,0,0,10,1,15.7586488832,0.1185524480,155.1591741076,0.8404795691,445.7900695800,0.0037190755,1,30.1919999999,33.4400001144,0.0255009008,0.2500000000,0.2500000000,0.0
1,164,0,0,19,1,15.5687513600,0.0970866112,156.0265208343,0.8673467266,447.3829345703,0.0596028640,1,30.2939999999,33.4400001144,0.2264184832,1.0,1.0,0.0
1,165,0,0,18,1,15.5318517760,0.0037597176,157.0210247315,0.9945038971,448.9628906250,0.0500000007,1,30.3959999999,33.4400001144,0.1854217600,-1.0,-1.0,0.0
1,166,0,0,10,1,15.6044998144,0.0043235944,158.0147069407,0.9936822091,450.5477905273,0.0340006500,1,30.4979999999,33.4400001144,0.0071805312,0.1000000000,0.1000000000,0.0
1,167,0,0,10,1,15.6940403200,0.0095433080,159.0008150753,0.9861081346,452.1415100097,0.0209309887,1,30.5999999999,33.4400001144,0.0082574560,0.0,0.0,0.0
1,168,0,0,10,1,15.7670545408,0.0039746760,159.9950056525,0.9941905772,453.7431030273,0.0155029296,1,30.7019999999,33.4400001144,0.0182263760,0.1000000000,0.1000000000,0.0
1,169,0,0,10,1,15.8521079808,0.0068187872,160.9850599777,0.9900543251,455.3530273437,0.0167317707,1,30.8039999999,33.4400001144,0.0075910720,0.0,0.0,0.0
1,170,0,0,10,1,15.9383659520,0.0020207246,161.9821022386,0.9970422608,456.9721679687,0.0123860677,1,30.9059999999,33.4400001144,0.0130229240,0.0,0.0,0.0
1,171,0,0,10,1,16.0254421232,0.0134485088,162.9625815041,0.9804792655,458.5996093750,0.0022754033,1,31.0079999999,33.4400001144,0.0038592996,0.0,0.0,0.0
1,172,0,0,10,1,16.0911941504,0.0117886696,163.9454492867,0.9828677825,460.2344055175,0.0049649556,1,31.1099999999,33.4400001144,0.0256847584,0.1000000000,0.1000000000,0.0
1,173,0,0,10,1,16.1544952448,0.0006437143,164.9445061295,0.9990568427,461.8751220703,0.0079645793,1,31.2119999999,33.4400001144,0.0225147008,0.1000000000,0.1000000000,0.0
1,174,0,0,10,1,16.2014427136,0.0099061800,165.9300898687,0.9855837392,463.5204162597,0.0082914987,1,31.3139999999,33.4400001144,0.0012294038,0.1000000000,0.1000000000,0.0
1,175,0,0,10,1,16.2460975616,0.0001168726,166.9299185632,0.9998286944,465.1692504882,0.0100265499,1,31.4159999999,33.4400001144,0.0189194096,0.1000000000,0.1000000000,0.0
1,176,0,0,10,1,16.2773037056,0.0085294248,167.9174933635,0.9875748003,466.8210449218,0.0087242126,1,31.5179999999,33.4400001144,0.0002232102,0.1000000000,0.1000000000,0.0
1,177,0,0,10,1,16.3044700672,0.0010594684,168.9159415247,0.9984481611,468.4759216308,0.0102175390,1,31.6199999999,33.4400001144,0.0162900016,0.1000000000,0.1000000000,0.0
1,178,0,0,10,1,16.3317832960,0.0101474600,169.9011767403,0.9852352156,470.1339721679,0.0096762338,1,31.7219999999,33.4400001144,0.0020234354,0.1000000000,0.1000000000,0.0
1,179,0,0,10,1,16.3589420288,0.0037259740,170.8957298312,0.9945530909,471.7952880859,0.0121325813,1,31.8239999999,33.4400001144,0.0193802192,0.1000000000,0.1000000000,0.0
1,180,0,0,10,1,16.4088516352,0.0102007072,171.8808881476,0.9851583163,473.4606628417,0.0022240320,1,31.9259999999,33.4400001144,0.0071160856,0.0,0.0,0.0
1,181,0,0,10,1,16.4596977152,0.0153440800,172.8586467724,0.9777586247,475.1316223144,0.0077332179,1,32.0279999999,33.4400001144,0.0194819152,0.0,0.0,0.0
1,182,0,0,10,1,16.4954147328,0.0112635776,173.8422713771,0.9836246047,476.8069152832,0.0026465097,1,32.1299999999,33.4400001144,0.0293050336,0.1000000000,0.1000000000,0.0
1,183,0,0,10,1,16.5264625664,0.0065425712,174.8327266532,0.9904552761,478.4854125976,0.0055592218,1,32.2319999999,33.4400001144,0.0215118464,0.1000000000,0.1000000000,0.0
1,184,0,0,10,1,16.5748233728,0.0050356864,175.8253721634,0.9926455101,480.1684570312,0.0010417938,1,32.3339999999,33.4400001144,0.0124953904,0.0,0.0,0.0
1,185,0,0,10,1,16.6218471424,0.0074624384,176.8144928035,0.9891206400,481.8567504882,0.0035189311,1,32.4359999999,33.4400001144,0.0096174528,0.0,0.0,0.0
1,186,0,0,10,1,16.6676292608,0.0101028752,177.7997924105,0.9852996070,483.5488891601,0.0087998071,1,32.5379999999,33.4400001144,0.0142522064,0.0,0.0,0.0
1,187,0,0,10,1,16.7122516480,0.0126615200,178.7814034308,0.9816110203,485.2459106445,0.0139170968,1,32.6399999999,33.4400001144,0.0192950704,0.0,0.0,0.0
1,188,0,0,10,1,16.7557315584,0.0152199104,179.7593400380,0.9779366071,486.9476318359,0.0190338771,1,32.7419999999,33.4400001144,0.0241817216,0.0,0.0,0.0
1,189,0,0,10,1,16.7825946624,0.0140983904,180.7388857008,0.9795456628,488.6523132324,0.0089154560,1,32.8439999999,33.4400001144,0.0290678880,0.1000000000,0.1000000000,0.0
1,190,0,0,10,1,16.7545814528,0.0020138424,181.7359380202,0.9970523193,490.3574218750,0.0010598500,1,32.9459999999,33.4400001144,0.0269259392,0.2500000000,0.2500000000,0.0
1,191,0,0,10,1,16.6480617472,0.0108804384,182.7201152156,0.9841771953,492.0585937500,0.0117024742,1,33.0479999999,33.4400001144,0.0038461556,-1.0,-1.0,0.0
1,192,0,0,10,1,16.5446395904,0.0851430464,183.6027809249,0.8826657093,493.7396545410,0.0342468246,1,33.1499999999,33.4400001144,0.0207801072,0.2500000000,0.2500000000,0.0
1,193,0,0,19,1,16.2974987008,0.0563922048,184.5234416243,0.9206606993,495.4102172851,0.0655694305,1,33.2519999999,33.4400001144,0.1626112256,1.0,1.0,0.0
1,194,0,0,19,1,16.2086544000,0.0504758144,185.4521216407,0.9286800163,497.0571899414,0.0285509116,1,33.3539999999,33.4400001144,0.1077011840,-1.0,-1.0,0.0
1,195,0,0,19,1,15.9799404544,0.0216468816,186.4208882618,0.9687666211,498.6948852539,0.0015403747,1,33.4559999999,33.4400001144,0.0964016960,-1.0,-1.0,0.0
1,196,0,0,10,1,15.9060773888,0.0852477696,187.3034184775,0.8825302156,500.3102111816,0.0410170890,0,33.5579999999,34.7760000524,0.0413424960,0.2500000000,0.2500000000,0.0
1,197,0,0,19,1,15.6845102080,0.0577373632,188.2222655792,0.9188471017,501.9174194335,0.0687833130,0,33.6599999999,34.7760000524,0.1628112512,1.0,1.0,0.1000000000
1,198,0,0,10,1,15.6205253632,0.0474347648,189.1550946906,0.9328291113,503.5033264160,0.0301850643,0,33.7619999999,34.7760000524,0.1102702336,0.8999999488,-1.0,0.1000000000
1,199,0,0,10,1,15.4067077632,0.0192858544,190.1272199864,0.9721252958,505.0819396972,0.0044604619,0,33.8639999999,34.7760000524,0.0905937280,-1.0,-1.0,0.1000000000
1,200,0,0,10,1,15.3529863424,0.0856038912,191.0092896171,0.8820696307,506.6398925781,0.0447710677,0,33.9659999999,34.7760000524,0.0368332672,0.2500000000,0.2500000000,0.0
1,201,0,0,10,1,15.1553974144,0.0593934528,191.9259088207,0.9166192035,508.1919860839,0.0715633407,0,34.0679999999,34.7760000524,0.1634913792,1.0,1.0,0.1000000000
1,202,0,0,10,1,15.1143112192,0.0402816224,192.8685706486,0.9426618279,509.7254638671,0.0344381965,0,34.1699999999,34.7760000524,0.1134331392,0.8999999488,-1.0,0.1000000000
1,203,0,0,10,1,14.9132032000,0.0103961152,193.8534468140,0.9848761653,511.2538146972,0.0128805795,0,34.2719999999,34.7760000524,0.0769322304,-1.0,-1.0,0.1000000000
1,204,0,0,10,1,14.8884334592,0.0910551680,194.7284960274,0.8750492134,512.7636718750,0.0552583076,0,34.3739999999,34.7760000524,0.0198551168,0.2500000000,0.2500000000,0.0
1,205,0,0,10,1,14.6931447808,0.0643752064,195.6384459041,0.9099498766,514.2695312500,0.0821910873,0,34.4759999999,34.7760000524,0.1739025536,1.0,1.0,0.1000000000
1,206,0,0,10,1,14.6635971072,0.0408132000,196.5803734772,0.9419275730,515.7573242187,0.0433399826,0,34.5779999999,34.7760000524,0.1229475840,0.8999999488,-1.0,0.1000000000
1,207,0,0,19,1,14.4902877696,0.0164461616,197.5565537980,0.9761803208,517.2417602539,0.0175813678,0,34.6799999999,34.7760000524,0.0779474688,-1.0,-1.0,0.1000000000
1,208,0,0,19,1,14.4744405504,0.0836154176,198.4411982779,0.8846444798,518.7103271484,0.0547826141,0,34.7819999999,34.7760000524,0.0314098560,0.5000000000,0.5000000000,0.0
1,209,1,0,10,1,14.3054733312,0.0567286016,199.3614051004,0.9202068225,520.1763305664,0.0759792327,1,34.8839999999,36.9820000476,0.1596936704,1.0,1.0,0.0
1,210,0,0,64,1,14.2962322176,0.0445882304,200.2981347157,0.9367296152,521.6260986328,0.0335132591,1,34.9859999999,36.9820000476,0.1083436416,-1.0,-1.0,0.0
1,211,0,0,10,1,14.1339931520,0.0178034448,201.2723747560,0.9742400403,523.0741577148,0.0095534007,1,35.0879999999,36.9820000476,0.0851572480,-1.0,-1.0,0.0
1,212,0,0,10,1,14.1428222720,0.0781813248,202.1640941695,0.8917194135,524.5084838867,0.0482350662,1,35.1899999999,36.9820000476,0.0340020768,0.2500000000,0.2500000000,0.0
1,213,0,0,10,1,13.9666757632,0.0482896160,203.0957550843,0.9316609148,525.9411621093,0.0675779953,1,35.2919999999,36.9820000476,0.1493153280,1.0,1.0,0.0
1,214,0,0,10,1,13.9667043328,0.0589761664,204.0129351475,0.9171800631,527.3563232421,0.0206091571,1,35.3939999999,36.9820000476,0.0922263680,-1.0,-1.0,0.0
1,215,0,0,10,1,13.8217220096,0.0372062496,204.9598561827,0.9469210352,528.7714233398,0.0092779798,1,35.4959999999,36.9820000476,0.1126361728,-1.0,-1.0,0.0
1,216,0,0,10,1,13.8391628288,0.0554211264,205.8818283546,0.9219721718,530.1749267578,0.0226073581,1,35.5979999999,36.9820000476,0.0710587072,0.2500000000,0.2500000000,0.0
1,217,0,0,10,1,13.6749000704,0.0228905840,206.8488304186,0.9670020639,531.5778808593,0.0342479087,1,35.6999999999,36.9820000476,0.1058465536,1.0,1.0,0.0
1,218,0,0,10,1,13.6862201856,0.0853358080,207.7312467560,0.8824163374,532.9635620117,0.0195840839,1,35.8019999999,36.9820000476,0.0437177952,-1.0,-1.0,0.0
1,219,0,0,10,1,13.5497389056,0.0652406080,208.6400430368,0.9087962807,534.3503417968,0.0534643791,1,35.9039999999,36.9820000476,0.1629793792,-1.0,-1.0,0.0
1,220,0,0,10,1,13.5820551168,0.0224426576,209.6076802473,0.9676372105,535.7276611328,0.0262406673,1,36.0059999999,36.9820000476,0.1246003840,0.2500000000,0.2500000000,0.0
1,221,0,0,10,1,13.6423673856,0.0035588584,210.6024770033,0.9947967560,537.1130371093,0.0165753047,1,36.1079999999,36.9820000476,0.0428623200,0.2500000000,0.2500000000,0.0
1,222,0,0,10,1,13.6376828928,0.0080897336,211.5906885308,0.9882115274,538.5056762695,0.0214456561,1,36.2099999999,36.9820000476,0.0067969184,-1.0,-1.0,0.0
1,223,0,0,10,1,13.6565246464,0.0806233088,212.4792216281,0.8885330973,539.8894042968,0.0282319393,1,36.3119999999,36.9820000476,0.0154502528,0.2500000000,0.2500000000,0.0
1,224,0,0,19,1,13.4786452992,0.0521931808,213.4055666905,0.9263450624,541.2728271484,0.0548911429,1,36.4139999999,36.9820000476,0.1539791616,1.0,1.0,0.0
1,225,0,0,19,1,13.4931573760,0.0536269184,214.3299669160,0.9244002254,542.6400146484,0.0133621217,1,36.5159999999,36.9820000476,0.0996816320,-1.0,-1.0,0.0
1,226,0,0,16,1,13.3727989248,0.0285951616,215.2889164582,0.9589495421,544.0088500976,0.0086387638,1,36.6179999999,36.9820000476,0.1024198656,-1.0,-1.0,0.0
1,227,0,0,19,1,13.4139661824,0.0620427136,216.2019829022,0.9130664440,545.3683471679,0.0284786224,1,36.7199999999,36.9820000476,0.0546127360,0.5000000000,0.5000000000,0.0
1,228,0,0,19,1,13.2397012736,0.0288548288,217.1605674953,0.9585845931,546.7279052734,0.0422558449,1,36.8219999999,36.9820000476,0.1184928512,1.0,1.0,0.0
1,229,0,0,19,1,13.2595596288,0.0828668928,218.0461831731,0.8856156777,548.0692138671,0.0123228710,1,36.9239999999,36.9820000476,0.0551086656,-1.0,-1.0,0.0
1,230,0,0,19,1,13.1452961024,0.0650012480,218.9552983757,0.9091152026,549.4132080078,0.0463409423,1,37.0259999999,36.9820000476,0.1582641024,-1.0,-1.0,0.0
1,231,0,0,19,1,13.1906509440,0.0178323904,219.9294970798,0.9741987041,550.7506713867,0.0223543811,0,37.1279999999,42.0259999999,0.1241432320,0.4000000000,0.5000000000,0.1000000000
1,232,0,0,10,1,13.3186082816,0.0092711768,220.9159986607,0.9865015808,552.1000976562,0.0089082084,0,37.2299999999,42.0259999999,0.0340573568,0.1000000000,0.1000000000,0.0
1,233,0,0,10,1,13.4640474112,0.0046368120,221.9092247386,0.9932260778,553.4644165039,0.0045923232,0,37.3319999999,42.0259999999,0.0177066416,0.0,0.0,0.0
1,234,0,0,10,1,13.6064195584,0.0076851688,222.8980224888,0.9887977502,554.8428955078,0.0015539805,0,37.4339999999,42.0259999999,0.0088556584,0.0,0.0,0.0
1,235,0,0,10,1,13.7443456512,0.0108098032,223.8823015937,0.9842791049,556.2355957031,0.0077484128,0,37.5359999999,42.0259999999,0.0146775904,0.0,0.0,0.0
1,236,0,0,10,1,13.8792275968,0.0140293760,224.8619463588,0.9796447651,557.6421508789,0.0140549978,0,37.6380000000,42.0259999999,0.0206452032,0.0,0.0,0.0
1,237,0,0,10,1,14.0112400056,0.0062807556,225.8527818326,0.9908354737,559.0626220703,0.0189086906,0,37.7400000000,42.0259999999,0.0267941344,0.0,0.0,0.0
1,238,0,0,10,1,14.1292295424,0.0042726360,226.8465382713,0.9937564387,560.4962768554,0.0220316573,0,37.8420000000,42.0259999999,0.0119953592,0.1000000000,0.1000000000,0.0
1,239,0,0,10,1,14.2506942720,0.0121077696,227.8289464160,0.9824081446,561.9426269531,0.0295918788,0,37.9440000000,42.0259999999,0.0081601336,0.1000000000,0.1000000000,0.0
1,240,0,0,10,1,14.3808402944,0.0108630184,228.8131487437,0.9842023277,563.4024658203,0.0247741695,0,38.0460000000,42.0259999999,0.0231241360,0.0,0.0,0.0
1,241,0,0,10,1,14.4506749952,0.0024901544,229.8095051520,0.9963564083,564.8721313476,0.0205118823,0,38.1480000000,42.0259999999,0.0207468368,0.2500000000,0.2500000000,0.0
1,242,0,0,10,1,14.5845985280,0.0107566992,230.7938608797,0.9843557276,566.3527221679,0.0196695961,0,38.2500000000,42.0259999999,0.0047558444,0.0,0.0,0.0
1,243,0,0,10,1,14.5794315264,0.0026742304,231.7899484759,0.9960875962,567.8406372070,0.0191385913,0,38.3520000000,42.0259999999,0.0205437824,0.5000000000,0.5000000000,0.0
1,244,0,0,10,1,14.6097908224,0.0121177512,232.7723422465,0.9823937706,569.3319091796,0.0338785797,0,38.4540000000,42.0259999999,0.0051074036,1.0,1.0,0.0
1,245,0,0,10,1,14.6187372032,0.0893535744,233.6495768302,0.8772345836,570.8176879882,0.0156026203,0,38.5560000000,42.0259999999,0.0231431984,-1.0,-1.0,0.0
1,246,0,0,19,1,14.4573316608,0.0821654976,234.5361035313,0.8865267011,572.2955322265,0.0516133643,0,38.6580000000,42.0259999999,0.1706527616,-1.0,-1.0,0.1000000000
1,247,0,0,10,1,14.2956676608,0.0217512608,235.5047219383,0.9686184070,573.7567749023,0.0450317375,0,38.7600000000,42.0259999999,0.1569245312,-1.0,-1.0,0.1000000000
1,248,0,0,10,1,14.3328390144,0.0578679424,236.4233931850,0.9186712466,575.2085571289,0.0029276530,0,38.8620000000,42.0259999999,0.0415418432,0.2500000000,0.2500000000,0.0
1,249,0,0,10,1,14.4602508800,0.0036988892,237.4179857628,0.9945925778,576.6766967773,0.0180074051,0,38.9640000000,42.0259999999,0.1105196288,0.1000000000,0.0,0.1000000000
1,250,0,0,10,1,14.4206552576,0.0219286288,238.3863523622,0.9683665994,578.1525878906,0.0090382890,0,39.0660000000,42.0259999999,0.0070643576,-1.0,-1.0,0.0
1,251,0,0,10,1,14.4395112960,0.0115503160,239.3695636161,0.9832112538,579.6214599609,0.0267069507,0,39.1680000000,42.0259999999,0.0418805952,0.2500000000,0.2500000000,0.0
1,252,0,0,10,1,14.4234886144,0.0059878036,240.3608246760,0.9912610598,581.0979614257,0.0266825351,0,39.2700000000,42.0259999999,0.0220594784,-1.0,-1.0,0.0
1,253,0,0,10,1,14.4476670976,0.0272615456,241.3216507120,0.9608260359,582.5692749023,0.0479980483,0,39.3720000000,42.0259999999,0.0114358616,0.2500000000,0.2500000000,0.0
1,254,0,0,10,1,14.5606097920,0.0115053656,242.3049267521,0.9832760401,584.0517578125,0.0509643554,0,39.4740000000,42.0259999999,0.0520657120,0.1500000000,0.2500000000,0.1000000000
1,255,0,0,10,1,14.6996049920,0.0004909839,243.3042072919,0.9992805397,585.5478515625,0.0492655448,0,39.5760000000,42.0259999999,0.0219736288,0.1000000000,0.1000000000,0.0
1,256,0,0,10,1,14.7927970816,0.0084399376,244.2919116468,0.9877043549,587.0554199218,0.0496114082,0,39.6780000000,42.0259999999,0.0009377102,0.2500000000,0.2500000000,0.0
1,257,0,0,10,1,14.9397840896,0.0070260208,245.2816652616,0.9897536147,588.5760498046,0.0513020828,0,39.7800000000,42.0259999999,0.0161190928,0.1000000000,0.1000000000,0.0
1,258,0,0,10,1,15.0776615168,0.0109957216,246.2656761548,0.9840108932,590.1107177734,0.0419738776,0,39.8820000000,42.0259999999,0.0134187096,0.1000000000,0.1000000000,0.0
1,259,0,0,10,1,15.1675739264,0.0041199216,247.2596550803,0.9939789255,591.6560058593,0.0361999496,0,39.9840000000,42.0259999999,0.0210002816,0.2500000000,0.2500000000,0.0
1,260,0,0,10,1,15.3122310656,0.0074807968,248.2487491028,0.9890940224,593.2138061523,0.0325642898,0,40.0860000000,42.0259999999,0.0078684704,0.1000000000,0.1000000000,0.0
1,261,0,0,10,1,15.3980302848,0.0025553536,249.2450102904,0.9962611875,594.7824707031,0.0325846336,0,40.1880000000,42.0259999999,0.0142872688,0.2500000000,0.2500000000,0.0
1,262,0,0,10,1,15.5392656384,0.0018358062,250.2423228526,0.9973125622,596.3635864257,0.0355448387,0,40.2900000000,42.0259999999,0.0048803656,0.1000000000,0.1000000000,0.0
1,263,0,0,10,1,15.6683425792,0.0160067232,251.2191321928,0.9768093402,597.9580688476,0.0272745769,0,40.3920000000,42.0259999999,0.0035061316,0.1000000000,0.1000000000,0.0
1,264,0,0,10,1,15.6595725824,0.0010148836,252.2176456102,0.9985134174,599.5585937500,0.0261800121,0,40.4940000000,42.0259999999,0.0305705888,0.5000000000,0.5000000000,0.0
1,265,0,0,10,1,15.7599077376,0.0018479190,253.2149404642,0.9972948540,601.1632690429,0.0319213867,0,40.5960000000,42.0259999999,0.0019382850,0.1000000000,0.1000000000,0.0
1,266,0,0,10,1,15.6985034752,0.0282763008,254.1743383323,0.9593978681,602.7722167968,0.0128885908,0,40.6980000000,42.0259999999,0.0035292652,-1.0,-1.0,0.0
1,267,0,0,19,1,15.6993512960,0.0051228044,255.1668570857,0.9925187533,604.3712158203,0.0207926426,0,40.8000000000,42.0259999999,0.0540037504,0.4000000000,0.5000000000,0.1000000000
1,268,0,0,10,1,15.6912936960,0.0103174376,256.1518468451,0.9849897593,605.9761962890,0.0161458328,0,40.9020000000,42.0259999999,0.0097838360,-1.0,-1.0,0.0
1,269,0,0,10,1,15.6968135680,0.0273942784,257.1124859470,0.9606391019,607.5753173828,0.0332539863,0,41.0040000000,42.0259999999,0.0197048544,0.2500000000,0.2500000000,0.0
1,270,0,0,19,1,15.8108157952,0.0010575140,258.1109369687,0.9984510216,609.1848144531,0.0310607906,0,41.1060000000,42.0259999999,0.0523192128,0.1500000000,0.2500000000,0.1000000000
1,271,0,0,10,1,15.9094105088,0.0088966840,259.0979802458,0.9870432771,610.8052978515,0.0340433754,0,41.2080000000,42.0259999999,0.0020197030,0.2500000000,0.2500000000,0.0
1,272,0,0,10,1,16.0751724224,0.0117604736,260.0808886542,0.9829084084,612.4392089843,0.0266398116,0,41.3100000000,42.0259999999,0.0169914144,0.0,0.0,0.0
1,273,0,0,10,1,16.0376911168,0.0268421968,261.0423054977,0.9614168434,614.0805664062,0.0092346193,0,41.4120000000,42.0259999999,0.0224608480,-1.0,-1.0,0.0
1,274,0,0,19,1,16.0792942016,0.0170797824,262.0175795573,0.9752740595,615.7145385742,0.0162699390,0,41.5140000000,42.0259999999,0.0512648192,0.4000000000,0.5000000000,0.1000000000
1,275,0,0,10,1,16.1943187712,0.0040969696,263.0115919257,0.9940123683,617.3605957031,0.0176595058,0,41.6160000000,42.0259999999,0.0326199808,0.2500000000,0.2500000000,0.0
1,276,0,0,10,1,16.3730964736,0.0023486930,264.0081549641,0.9965630384,619.0215454101,0.0226582847,0,41.7180000000,42.0259999999,0.0078246352,0.1000000000,0.1000000000,0.0
1,277,0,0,10,1,16.4967975424,0.0118505312,264.9909336241,0.9827786599,620.6976928710,0.0295064281,0,41.8200000000,42.0259999999,0.0044856732,0.2500000000,0.2500000000,0.0
1,278,0,0,10,1,16.6751651840,0.0134992128,265.9713400166,0.9804063925,622.3898315429,0.0263285320,0,41.9220000000,42.0259999999,0.0226328464,0.0,0.0,0.0
1,279,0,0,10,1,16.6428642304,0.0267996000,266.9328168949,0.9614768782,624.0905761718,0.0084920246,0,42.0240000000,42.0259999999,0.0257815968,-1.0,-1.0,0.0
1,280,0,0,19,1,16.6859378688,0.0085665232,267.9203379913,0.9875210963,625.7849121093,0.0154520673,0,42.1260000000,42.0259999999,0.0511834656,0.4000000000,0.5000000000,0.1000000000
1,281,0,0,19,1,16.6907558400,0.0070408032,268.9100701586,0.9897321673,627.4881591796,0.0108601888,1,42.2280000000,45.3660000095,0.0163608528,-1.0,-1.0,0.1000000000
1,282,0,0,10,1,16.7225265664,0.0316181344,269.8647797182,0.9547095595,629.1872558593,0.0321105942,1,42.3300000000,45.3660000095,0.0134469424,0.4000000000,0.5000000000,0.1000000000
1,283,0,0,10,1,16.8586921472,0.0059209988,270.8561378538,0.9913581356,630.9005126953,0.0354248061,1,42.4320000000,45.3660000095,0.0603861824,0.1000000000,0.0,0.1000000000
1,284,0,0,10,1,16.9738235904,0.0112637040,271.8397622762,0.9836244223,632.6275024414,0.0396891273,1,42.5340000000,45.3660000095,0.0113082744,0.2000000000,0.1000000000,0.1000000000
1,285,0,0,10,1,17.1268730112,0.0032923538,272.8349477367,0.9951854605,634.3690185546,0.0406636558,1,42.6360000000,45.3660000095,0.0215120896,0.1000000000,0.0,0.1000000000
1,286,0,0,10,1,17.2397728000,0.0050818604,273.8275260617,0.9925783249,636.1235351562,0.0375488288,1,42.7380000000,45.3660000095,0.0062879324,0.2000000000,0.1000000000,0.1000000000
1,287,0,0,10,1,17.3647251200,0.0045950728,274.8208129113,0.9932868495,637.8901977539,0.0308044441,1,42.8400000000,45.3660000095,0.0097056384,0.1000000000,0.0,0.1000000000
1,288,0,0,10,1,17.3704776704,0.0014017262,275.8187602709,0.9979473595,639.6611938476,0.0241088867,1,42.9420000000,45.3660000095,0.0087759432,0.3500000000,0.2500000000,0.1000000000
1,289,0,0,10,1,17.4583740416,0.0072719736,276.8081571086,0.9893968377,641.4345092773,0.0149068199,1,43.0440000000,45.3660000095,0.0026770998,0.0,0.1000000000,0.1000000000
1,290,0,0,10,1,17.3869457152,0.0196061936,277.7798260243,0.9716689157,643.2083129882,0.0002014160,1,43.1460000000,45.3660000095,0.0138884464,-1.0,-1.0,0.1000000000
1,291,0,0,10,1,17.3961772800,0.0250338080,278.7437948356,0.9639688112,644.9724731445,0.0106058754,1,43.2480000000,45.3660000095,0.0374450720,0.4000000000,0.5000000000,0.1000000000
1,292,0,0,18,1,17.4871196672,0.0038579784,279.7381554974,0.9943606618,646.7451171875,0.0121785486,1,43.3500000000,45.3660000095,0.0478110496,0.1000000000,0.0,0.1000000000
1,293,0,0,19,1,17.5493507584,0.0065092884,280.7286590974,0.9905035999,648.5247192382,0.0109619144,1,43.4520000000,45.3660000095,0.0073681960,0.1000000000,0.0,0.1000000000
1,294,0,0,10,1,17.5758247424,0.0020130002,281.7257126478,0.9970535503,650.3079833984,0.0121907554,1,43.5540000000,45.3660000095,0.0124318248,0.2000000000,0.1000000000,0.1000000000
1,295,0,0,19,1,17.6439323648,0.0078447184,282.7142791660,0.9885665182,652.0960083007,0.0167378745,1,43.6560000000,45.3660000095,0.0038445472,0.1000000000,0.0,0.1000000000
1,296,0,0,19,1,17.7042255360,0.0021320502,283.7111587337,0.9968795676,653.8897705078,0.0182128902,1,43.7580000000,45.3660000095,0.0149823072,0.1000000000,0.0,0.1000000000
1,297,0,0,19,1,17.7666549760,0.0059468752,284.7024792668,0.9913205331,655.6901855468,0.0148600256,1,43.8600000000,45.3660000095,0.0040719160,0.1000000000,0.0,0.1000000000
1,298,0,0,19,1,17.7913990144,0.0085686840,285.6899972354,0.9875179685,657.4943237304,0.0169860832,1,43.9620000000,45.3660000095,0.0113576952,0.2000000000,0.1000000000,0.1000000000
1,299,0,0,19,1,17.8592376832,0.0125377808,286.6717863225,0.9817890870,659.3040161132,0.0126607259,1,44.0640000000,45.3660000095,0.0163649808,0.0,0.1000000000,0.1000000000
1,300,0,0,19,1,17.7292995584,0.0127445704,287.6532778484,0.9814915258,661.1119995117,0.0017252604,1,44.1660000000,45.3660000095,0.0239453968,-1.0,-1.0,0.1000000000
