<?xml version="1.0" encoding="UTF-8"?>
<!--
    file        : kc-a110.xml
    created     : Sat Aug 30 21:10:42 CEST 2003
    copyright   : (C) 2003 by Eric Espi�
    email       : Eric.Espie@torcs.org
    version     : $Id: default.xml,v 1.1.2.1 2013/09/06 10:45:30 berniw Exp $
-->

<!--    This program is free software; you can redistribute it and/or modify  -->
<!--    it under the terms of the GNU General Public License as published by  -->
<!--    the Free Software Foundation; either version 2 of the License, or     -->
<!--    (at your option) any later version.                                   -->

<!DOCTYPE params SYSTEM "../../../../src/libs/tgf/params.dtd">

<!-- 3D Model copyright by Butch (K/cendra) (see readme.txt) -->

<params name="Alpine A110">

  <section name="Brake System">
    <attnum name="front-rear brake repartition" min="0.1" max="0.9" val="0.55"/>
    <attnum name="max pressure" min="100" max="1.5e+06" unit="kPa" val="12000"/>
  </section>

  <section name="Front Right Wheel">
    <attnum name="ride height" min="150" max="2000" unit="mm" val="150"/>
    <attnum name="toe" min="-5" max="5" unit="deg" val="0"/>
    <attnum name="camber" min="-5" max="0" unit="deg" val="0"/>
  </section>

  <section name="Front Left Wheel">
    <attnum name="ride height" min="150" max="2000" unit="mm" val="150"/>
    <attnum name="toe" min="-5" max="5" unit="deg" val="0"/>
    <attnum name="camber" min="-5" max="0" unit="deg" val="0"/>
  </section>

  <section name="Rear Right Wheel">
    <attnum name="ride height" min="150" max="2000" unit="mm" val="150"/>
    <attnum name="toe" min="-5" max="5" unit="deg" val="0"/>
    <attnum name="camber" min="-5" max="0" unit="deg" val="-5"/>
  </section>

  <section name="Rear Left Wheel">
    <attnum name="ride height" min="150" max="2000" unit="mm" val="150"/>
    <attnum name="toe" min="-5" max="5" unit="deg" val="0"/>
    <attnum name="camber" min="-5" max="0" unit="deg" val="-5"/>
  </section>

  <section name="Front Anti-Roll Bar">
    <attnum name="spring" min="0" max="10000" unit="lbs/in" val="0"/>
    <attnum name="suspension course" unit="m" val="0.3"/>
    <attnum name="bellcrank" val="1.0"/>
  </section>

  <section name="Rear Anti-Roll Bar">
    <attnum name="spring" min="0" max="10000" unit="lbs/in" val="0"/>
    <attnum name="suspension course" unit="m" val="0.3"/>
    <attnum name="bellcrank" val="1.0"/>
  </section>

  <section name="Front Right Suspension">
    <attnum name="spring" min="0" max="10000" unit="lbs/in" val="2500"/>
    <attnum name="suspension course" min="0" max="1" unit="m" val="0.25"/>
    <attnum name="packers" unit="mm" min="0" max="100" val="50"/>
    <attnum name="slow bump" min="0" max="1000" unit="lbs/in/s" val="100"/>
    <attnum name="slow rebound" min="0" max="1000" unit="lbs/in/s" val="100"/>
    <attnum name="fast bump" min="0" max="1000" unit="lbs/in/s" val="200"/>
    <attnum name="fast rebound" min="0" max="1000" unit="lbs/in/s" val="200"/>
  </section>

  <section name="Front Left Suspension">
    <attnum name="spring" min="0" max="10000" unit="lbs/in" val="2500"/>
    <attnum name="suspension course" min="0" max="1" unit="m" val="0.25"/>
    <attnum name="packers" unit="mm" min="0" max="100" val="50"/>
    <attnum name="slow bump" min="0" max="1000" unit="lbs/in/s" val="100"/>
    <attnum name="slow rebound" min="0" max="1000" unit="lbs/in/s" val="100"/>
    <attnum name="fast bump" min="0" max="1000" unit="lbs/in/s" val="200"/>
    <attnum name="fast rebound" min="0" max="1000" unit="lbs/in/s" val="200"/>
  </section>

  <section name="Rear Right Suspension">
    <attnum name="spring" min="0" max="10000" unit="lbs/in" val="2500"/>
    <attnum name="suspension course" min="0" max="1" unit="m" val="0.25"/>
    <attnum name="packers" unit="mm" min="0" max="100" val="50"/>
    <attnum name="slow bump" min="0" max="1000" unit="lbs/in/s" val="200"/>
    <attnum name="slow rebound" min="0" max="1000" unit="lbs/in/s" val="200"/>
    <attnum name="fast bump" min="0" max="1000" unit="lbs/in/s" val="100"/>
    <attnum name="fast rebound" min="0" max="1000" unit="lbs/in/s" val="100"/>
  </section>

  <section name="Rear Left Suspension">
    <attnum name="spring" min="0" max="10000" unit="lbs/in" val="2500"/>
    <attnum name="suspension course" min="0" max="1" unit="m" val="0.25"/>
    <attnum name="packers" unit="mm" min="0" max="100" val="50"/>
    <attnum name="slow bump" min="0" max="1000" unit="lbs/in/s" val="200"/>
    <attnum name="slow rebound" min="0" max="1000" unit="lbs/in/s" val="200"/>
    <attnum name="fast bump" min="0" max="1000" unit="lbs/in/s" val="100"/>
    <attnum name="fast rebound" min="0" max="1000" unit="lbs/in/s" val="100"/>
  </section>

  <section name="berniw private">
    <attnum name="caero" val="0.2"/>
    <attnum name="cfriction" val="0.5"/>
  </section>

</params>
