<?xml version="1.0" encoding="UTF-8"?>
<!-- 
    file        : defaultcar.xml
    created     : Fri Sep 26 20:06:44 CEST 2003
    copyright   : (C) 2003 by Eric Espi�                         
    email       : Eric.Espie@torcs.org   
    version     : $Id: defaultcar.xml,v 1.1 2003/10/19 19:28:22 torcs Exp $                                  
-->

<!--    This program is free software; you can redistribute it and/or modify  -->
<!--    it under the terms of the GNU General Public License as published by  -->
<!--    the Free Software Foundation; either version 2 of the License, or     -->
<!--    (at your option) any later version.                                   -->

<!DOCTYPE params SYSTEM "../../libs/tgf/params.dtd">

<params name="car" type="params">

  <section name="Front Anti-Roll Bar">
    <attnum name="spring" min="0" max="10000" unit="lbs/in" val="200"/>
    <attnum name="suspension course" min="0" max="1" unit="m" val="0.2"/>
    <attnum name="bellcrank" min="0.5" max="5" val="2.5"/>
  </section>
  <section name="Rear Anti-Roll Bar">
    <attnum name="spring" min="0" max="10000" unit="lbs/in" val="100"/>
    <attnum name="suspension course" min="0" max="1" unit="m" val="0.2"/>
    <attnum name="bellcrank" min="0.5" max="5" val="2.5"/>
  </section>
  <section name="Front Right Suspension">
    <attnum name="spring" min="0" max="10000" unit="lbs/in" val="3500"/>
    <attnum name="suspension course" min="0" max="1" unit="m" val="0.25"/>
    <attnum name="bellcrank" val="1"/>
    <attnum name="slow bump" min="0" max="1000" unit="lbs/in/s" val="50"/>
    <attnum name="slow rebound" min="0" max="1000" unit="lbs/in/s" val="700"/>
    <attnum name="fast bump" min="0" max="1000" unit="lbs/in/s" val="60"/>
    <attnum name="fast rebound" min="0" max="1000" unit="lbs/in/s" val="700"/>
  </section>
  <section name="Front Left Suspension">
    <attnum name="spring" min="0" max="10000" unit="lbs/in" val="3500"/>
    <attnum name="suspension course" min="0" max="1" unit="m" val="0.25"/>
    <attnum name="bellcrank" val="1"/>
    <attnum name="slow bump" min="0" max="1000" unit="lbs/in/s" val="50"/>
    <attnum name="slow rebound" min="0" max="1000" unit="lbs/in/s" val="700"/>
    <attnum name="fast bump" min="0" max="1000" unit="lbs/in/s" val="60"/>
    <attnum name="fast rebound" min="0" max="1000" unit="lbs/in/s" val="700"/>
  </section>
  <section name="Rear Right Suspension">
    <attnum name="spring" min="0" max="10000" unit="lbs/in" val="3000"/>
    <attnum name="suspension course" min="0" max="1" unit="m" val="0.25"/>
    <attnum name="bellcrank" val="1"/>
    <attnum name="slow bump" min="0" max="1000" unit="lbs/in/s" val="30"/>
    <attnum name="slow rebound" min="0" max="1000" unit="lbs/in/s" val="700"/>
    <attnum name="fast bump" min="0" max="1000" unit="lbs/in/s" val="30"/>
    <attnum name="fast rebound" min="0" max="1000" unit="lbs/in/s" val="700"/>
  </section>
  <section name="Rear Left Suspension">
    <attnum name="spring" min="0" max="10000" unit="lbs/in" val="3000"/>
    <attnum name="suspension course" min="0" max="1" unit="m" val="0.25"/>
    <attnum name="bellcrank" val="1"/>
    <attnum name="slow bump" min="0" max="1000" unit="lbs/in/s" val="30"/>
    <attnum name="slow rebound" min="0" max="1000" unit="lbs/in/s" val="700"/>
    <attnum name="fast bump" min="0" max="1000" unit="lbs/in/s" val="30"/>
    <attnum name="fast rebound" min="0" max="1000" unit="lbs/in/s" val="700"/>
  </section>

</params>




