<?xml version="1.0" encoding="UTF-8"?>
<!--
    file                 : berniw.xml
    created              : Mon Apr 17 13:51:00 CET 2000
    copyright            : (C) 2000 by Bernhard Wymann
    email                : berniw@bluewin.ch
    version              : $Id: inferno.xml,v 1.7.2.2 2010/01/24 18:25:56 berniw Exp $
-->

<!--    This program is free software; you can redistribute it and/or modify  -->
<!--    it under the terms of the GNU General Public License as published by  -->
<!--    the Free Software Foundation; either version 2 of the License, or     -->
<!--    (at your option) any later version.                                   -->

<!DOCTYPE params SYSTEM "../../libs/tgf/params.dtd">

<params name="inferno" type="robotdef">

	<section name="Robots">		
		<section name="index">
			<section name="1">
				<attstr name="name" val="inferno 1"/>
				<attstr name="team" val="torcs"/>
				<attstr name="desc" val=""/>
				<attstr name="author" val="Bernhard Wymann"/>
				<attstr name="car name" val="car1-ow1"/>
				<attnum name="race number" val="16"/>
				<attnum name="red" val="1.0"/>
				<attnum name="green" val="0.0"/>
				<attnum name="blue" val="0.0"/>
			</section>
			
			<section name="2">
				<attstr name="name" val="inferno 2"/>
				<attstr name="team" val="torcs"/>
				<attstr name="desc" val=""/>
				<attstr name="author" val="Bernhard Wymann"/>
				<attstr name="car name" val="p406"/>
				<attnum name="race number" val="17"/>
				<attnum name="red" val="1.0"/>
				<attnum name="green" val="0.0"/>
				<attnum name="blue" val="0.0"/>
			</section>
			
			<section name="3">
				<attstr name="name" val="inferno 3"/>
				<attstr name="team" val="torcs"/>
				<attstr name="desc" val=""/>
				<attstr name="author" val="Bernhard Wymann"/>
				<attstr name="car name" val="car1-trb1"/>
				<attnum name="race number" val="18"/>
				<attnum name="red" val="1.0"/>
				<attnum name="green" val="0.0"/>
				<attnum name="blue" val="0.0"/>
			</section>
			
			<section name="4">
				<attstr name="name" val="inferno 4"/>
				<attstr name="team" val="torcs"/>
				<attstr name="desc" val=""/>
				<attstr name="author" val="Bernhard Wymann"/>
				<attstr name="car name" val="car2-trb1"/>
				<attnum name="race number" val="19"/>
				<attnum name="red" val="1.0"/>
				<attnum name="green" val="0.0"/>
				<attnum name="blue" val="0.0"/>
			</section>
			
			<section name="5">
				<attstr name="name" val="inferno 5"/>
				<attstr name="team" val="torcs"/>
				<attstr name="desc" val=""/>
				<attstr name="author" val="Bernhard Wymann"/>
				<attstr name="car name" val="car3-trb1"/>
				<attnum name="race number" val="18"/>
				<attnum name="red" val="1.0"/>
				<attnum name="green" val="0.0"/>
				<attnum name="blue" val="0.0"/>
			</section>
			
			<section name="6">
				<attstr name="name" val="inferno 6"/>
				<attstr name="team" val="torcs"/>
				<attstr name="desc" val=""/>
				<attstr name="author" val="Bernhard Wymann"/>
				<attstr name="car name" val="car4-trb1"/>
				<attnum name="race number" val="18"/>
				<attnum name="red" val="1.0"/>
				<attnum name="green" val="0.0"/>
				<attnum name="blue" val="0.0"/>
			</section>
			
			<section name="7">
				<attstr name="name" val="inferno 7"/>
				<attstr name="team" val="torcs"/>
				<attstr name="desc" val=""/>
				<attstr name="author" val="Bernhard Wymann"/>
				<attstr name="car name" val="car5-trb1"/>
				<attnum name="race number" val="18"/>
				<attnum name="red" val="1.0"/>
				<attnum name="green" val="0.0"/>
				<attnum name="blue" val="0.0"/>
			</section>
			
			<section name="8">
				<attstr name="name" val="inferno 8"/>
				<attstr name="team" val="torcs"/>
				<attstr name="desc" val=""/>
				<attstr name="author" val="Bernhard Wymann"/>
				<attstr name="car name" val="car6-trb1"/>
				<attnum name="race number" val="18"/>
				<attnum name="red" val="1.0"/>
				<attnum name="green" val="0.0"/>
				<attnum name="blue" val="0.0"/>
			</section>
			
			<section name="9">
				<attstr name="name" val="inferno 9"/>
				<attstr name="team" val="torcs"/>
				<attstr name="desc" val=""/>
				<attstr name="author" val="Bernhard Wymann"/>
				<attstr name="car name" val="car7-trb1"/>
				<attnum name="race number" val="18"/>
				<attnum name="red" val="1.0"/>
				<attnum name="green" val="0.0"/>
				<attnum name="blue" val="0.0"/>
			</section>
			
			<section name="10">
				<attstr name="name" val="inferno 10"/>
				<attstr name="team" val="torcs"/>
				<attstr name="desc" val=""/>
				<attstr name="author" val="Bernhard Wymann"/>
				<attstr name="car name" val="car1-trb3"/>
				<attnum name="race number" val="18"/>
				<attnum name="red" val="1.0"/>
				<attnum name="green" val="0.0"/>
				<attnum name="blue" val="0.0"/>
			</section>
		</section>
	</section>	
</params>
