<?xml version="1.0" encoding="UTF-8"?>
<!-- 
    file                 : inferno.xml
    created              : Sat Mar 18 23:22:10 CET 2000
    copyright            : (C) 2000 by Eric Espie                         
    email                : torcs@free.fr   
    version              : $Id: inferno2.xml,v 1.9 2004/01/18 15:20:20 torcs Exp $                                  
-->

<!--    This program is free software; you can redistribute it and/or modify  -->
<!--    it under the terms of the GNU General Public License as published by  -->
<!--    the Free Software Foundation; either version 2 of the License, or     -->
<!--    (at your option) any later version.                                   -->

<!DOCTYPE params SYSTEM "../../libs/tgf/params.dtd">

<params name="inferno" type="robotdef">
  <section name="Robots">

    <section name="index">
      <section name="1">
	<attstr name="name" val="InfHist 1"/>
	<attstr name="team" val="torcs"/>
	<attstr name="desc" val=""/>
	<attstr name="author" val="Eric Espie"/>
	<attstr name="car name" val="kc-dino"/>
	<attnum name="race number" val="16"/>
	<attnum name="red" val="1.0"/>
	<attnum name="green" val="0.0"/>
	<attnum name="blue" val="0.0"/>
      </section>

      <section name="2">
	<attstr name="name" val="InfHist 2"/>
	<attstr name="team" val="torcs"/>
	<attstr name="desc" val=""/>
	<attstr name="author" val="Eric Espie"/>
	<attstr name="car name" val="kc-coda"/>
	<attnum name="race number" val="17"/>
	<attnum name="red" val="1.0"/>
	<attnum name="green" val="0.0"/>
	<attnum name="blue" val="0.0"/>
      </section>

      <section name="3">
	<attstr name="name" val="InfHist 3"/>
	<attstr name="team" val="torcs"/>
	<attstr name="desc" val=""/>
	<attstr name="author" val="Eric Espie"/>
	<attstr name="car name" val="kc-gt40"/>
	<attnum name="race number" val="18"/>
	<attnum name="red" val="1.0"/>
	<attnum name="green" val="0.0"/>
	<attnum name="blue" val="0.0"/>
      </section>

      <section name="4">
	<attstr name="name" val="InfHist 4"/>
	<attstr name="team" val="torcs"/>
	<attstr name="desc" val=""/>
	<attstr name="author" val="Eric Espie"/>
	<attstr name="car name" val="kc-alfatz2"/>
	<attnum name="race number" val="19"/>
	<attnum name="red" val="1.0"/>
	<attnum name="green" val="0.0"/>
	<attnum name="blue" val="0.0"/>
      </section>

      <section name="5">
	<attstr name="name" val="InfHist 5"/>
	<attstr name="team" val="torcs"/>
	<attstr name="desc" val=""/>
	<attstr name="author" val="Eric Espie"/>
	<attstr name="car name" val="kc-a110"/>
	<attnum name="race number" val="18"/>
	<attnum name="red" val="1.0"/>
	<attnum name="green" val="0.0"/>
	<attnum name="blue" val="0.0"/>
      </section>

      <section name="6">
	<attstr name="name" val="InfHist 6"/>
	<attstr name="team" val="torcs"/>
	<attstr name="desc" val=""/>
	<attstr name="author" val="Eric Espie"/>
	<attstr name="car name" val="kc-corvette-ttop"/>
	<attnum name="race number" val="18"/>
	<attnum name="red" val="1.0"/>
	<attnum name="green" val="0.0"/>
	<attnum name="blue" val="0.0"/>
      </section>

      <section name="7">
	<attstr name="name" val="InfHist 7"/>
	<attstr name="team" val="torcs"/>
	<attstr name="desc" val=""/>
	<attstr name="author" val="Eric Espie"/>
	<attstr name="car name" val="kc-daytona"/>
	<attnum name="race number" val="18"/>
	<attnum name="red" val="1.0"/>
	<attnum name="green" val="0.0"/>
	<attnum name="blue" val="0.0"/>
      </section>

      <section name="8">
	<attstr name="name" val="InfHist 8"/>
	<attstr name="team" val="torcs"/>
	<attstr name="desc" val=""/>
	<attstr name="author" val="Eric Espie"/>
	<attstr name="car name" val="kc-db4z"/>
	<attnum name="race number" val="18"/>
	<attnum name="red" val="1.0"/>
	<attnum name="green" val="0.0"/>
	<attnum name="blue" val="0.0"/>
      </section>

      <section name="9">
	<attstr name="name" val="InfHist 9"/>
	<attstr name="team" val="torcs"/>
	<attstr name="desc" val=""/>
	<attstr name="author" val="Eric Espie"/>
	<attstr name="car name" val="kc-p4"/>
	<attnum name="race number" val="18"/>
	<attnum name="red" val="1.0"/>
	<attnum name="green" val="0.0"/>
	<attnum name="blue" val="0.0"/>
      </section>

      <section name="10">
	<attstr name="name" val="InfHist 10"/>
	<attstr name="team" val="torcs"/>
	<attstr name="desc" val=""/>
	<attstr name="author" val="Eric Espie"/>
	<attstr name="car name" val="kc-5300gt"/>
	<attnum name="race number" val="18"/>
	<attnum name="red" val="1.0"/>
	<attnum name="green" val="0.0"/>
	<attnum name="blue" val="0.0"/>
      </section>
    </section>
  </section>
</params>
